INSERT INTO myShopDB.order_list (order_id, product_id, quantity) VALUES (13, 1, 3);
INSERT INTO myShopDB.order_list (order_id, product_id, quantity) VALUES (13, 3, 2);
INSERT INTO myShopDB.order_list (order_id, product_id, quantity) VALUES (14, 2, 1);
INSERT INTO myShopDB.order_list (order_id, product_id, quantity) VALUES (14, 3, 2);
INSERT INTO myShopDB.order_list (order_id, product_id, quantity) VALUES (14, 5, 1);
INSERT INTO myShopDB.order_list (order_id, product_id, quantity) VALUES (15, 1, 5);
INSERT INTO myShopDB.order_list (order_id, product_id, quantity) VALUES (15, 3, 1);
INSERT INTO myShopDB.order_list (order_id, product_id, quantity) VALUES (16, 2, 6);
INSERT INTO myShopDB.order_list (order_id, product_id, quantity) VALUES (17, 1, 5);
INSERT INTO myShopDB.order_list (order_id, product_id, quantity) VALUES (17, 2, 1);
INSERT INTO myShopDB.order_list (order_id, product_id, quantity) VALUES (17, 4, 3);
INSERT INTO myShopDB.order_list (order_id, product_id, quantity) VALUES (17, 5, 1);
INSERT INTO myShopDB.order_list (order_id, product_id, quantity) VALUES (18, 1, 2);
INSERT INTO myShopDB.order_list (order_id, product_id, quantity) VALUES (19, 1, 2);
INSERT INTO myShopDB.order_list (order_id, product_id, quantity) VALUES (19, 2, 3);
INSERT INTO myShopDB.order_list (order_id, product_id, quantity) VALUES (19, 3, 1);
INSERT INTO myShopDB.order_list (order_id, product_id, quantity) VALUES (19, 5, 2);
INSERT INTO myShopDB.orders (id, user_id, fio, address, phone, status) VALUES (13, 1, 'Админ Админович Админов', 'Москва, Кремль', '555-55-55', 'получен');
INSERT INTO myShopDB.orders (id, user_id, fio, address, phone, status) VALUES (14, 1, 'Админ Админович Админов', 'Москва, Кремль', '555-55-55', 'в работе');
INSERT INTO myShopDB.orders (id, user_id, fio, address, phone, status) VALUES (15, 2, 'Юзер Юзерович', 'Санкт-Петербург, ул.Невская', '777-77-77', 'получен');
INSERT INTO myShopDB.orders (id, user_id, fio, address, phone, status) VALUES (16, 2, 'Юзер Юзерович', 'Санкт-Петербург, ул.Невская', '777-77-77', 'получен');
INSERT INTO myShopDB.orders (id, user_id, fio, address, phone, status) VALUES (17, 2, 'Юзер Юзерович', 'Санкт-Петербург, ул.Невская', '777-77-77', 'в работе');
INSERT INTO myShopDB.orders (id, user_id, fio, address, phone, status) VALUES (18, 5, 'Антон Тохин', 'Москва, ул.Невская', '222-22-22', 'создан');
INSERT INTO myShopDB.orders (id, user_id, fio, address, phone, status) VALUES (19, 5, 'Антон Тохин', 'Москва, ул.Невская', '222-22-22', 'создан');
INSERT INTO myShopDB.photos (id, name, size, url_big, url_small, view_count) VALUES (6, 'PR_4642_P4_H_red_standard.jpg', 590225, 'img/big/PR_4642_P4_H_red_standard.jpg', 'img/small/PR_4642_P4_H_red_standard_small.jpg', 0);
INSERT INTO myShopDB.photos (id, name, size, url_big, url_small, view_count) VALUES (7, 'PR_4913_P4_H_green.jpg', 36621, 'img/big/PR_4913_P4_H_green.jpg', 'img/small/PR_4913_P4_H_green_small.jpg', 1);
INSERT INTO myShopDB.photos (id, name, size, url_big, url_small, view_count) VALUES (8, 'PR_4927_black_standard.jpg', 663368, 'img/big/PR_4927_black_standard.jpg', 'img/small/PR_4927_black_standard_small.jpg', 0);
INSERT INTO myShopDB.photos (id, name, size, url_big, url_small, view_count) VALUES (9, 'PR_5215_Eco.jpg', 392886, 'img/big/PR_5215_Eco.jpg', 'img/small/PR_5215_Eco_small.jpg', 1);
INSERT INTO myShopDB.photos (id, name, size, url_big, url_small, view_count) VALUES (10, 'PR_46025_blue_open_closed.jpg', 43110, 'img/big/PR_46025_blue_open_closed.jpg', 'img/small/PR_46025_blue_open_closed_small.jpg', 0);
INSERT INTO myShopDB.products (id, name, description, price, photo) VALUES (1, 'Trodat 4642', 'Печать автоматическая Trodat 4642 с крышкой Д=40-42мм пластик. Новая оснастка от австрийской фирмы Trodat - лидера мирового штемпельного рынка. Новая печать сочетает в себе все преимущества появившихся раньше штампов, которые уже давно полюбили пользователи. На сегодняшний день аналогов на российском да и мировом рынке штемпельной продукции просто не существует.', 598.00, 'PR_4642_P4_H_red_standard.jpg');
INSERT INTO myShopDB.products (id, name, description, price, photo) VALUES (2, 'Trodat 4913', 'Штамп автоматический Trodat 4913 58х22мм пластик', 784.00, 'PR_4913_P4_H_green.jpg');
INSERT INTO myShopDB.products (id, name, description, price, photo) VALUES (3, 'Trodat 4927', 'Штамп автоматический Trodat 4927 60х40мм пластик', 879.00, 'PR_4927_black_standard.jpg');
INSERT INTO myShopDB.products (id, name, description, price, photo) VALUES (4, 'Trodat 5215', 'Печать автоматическая Trodat 5215 Д=45мм металл', 1737.00, 'PR_5215_Eco.jpg');
INSERT INTO myShopDB.products (id, name, description, price, photo) VALUES (5, 'Trodat 46025', 'Печать автоматическая Trodat 46025 с крышкой Д=25мм пластик', 676.00, 'PR_46025_blue_open_closed.jpg');
INSERT INTO myShopDB.products (id, name, description, price, photo) VALUES (8, '1', '2', 3.00, '1489702320_2.jpg');
INSERT INTO myShopDB.testimonials (id, name, testimonial) VALUES (1, 'Tohin', 'Это мой первый отзыв');
INSERT INTO myShopDB.testimonials (id, name, testimonial) VALUES (6, 'User', 'А это мой второй отзыв.');
INSERT INTO myShopDB.testimonials (id, name, testimonial) VALUES (7, 'Вася', 'Офисный компьютер не просто работает, можно сказать "летает". Если где то и есть тормоза то все упирается в жесткий диск а не процессор. ');
INSERT INTO myShopDB.testimonials (id, name, testimonial) VALUES (8, 'aleks28rus', 'Не дорогой, цена более чем оптимальная, хватает для офиса, с типовым набором приложений.');
INSERT INTO myShopDB.testimonials (id, name, testimonial) VALUES (9, 'Петя', 'выдающегося ждать не стоит, а на домашнем компе, c linux opensuse никаких тормозов. инет, фильмы, музыка, закачка на телефон, фотки с фото-аппарата, офис, с этим справляется на ура, и не греется
');
INSERT INTO myShopDB.users (id, name, login, password) VALUES (1, 'Админ', 'admin', 'admin');
INSERT INTO myShopDB.users (id, name, login, password) VALUES (2, 'Юзверь', 'user', 'qwerty');
INSERT INTO myShopDB.users (id, name, login, password) VALUES (5, 'Антон', 'tohin', 'tohin');